"Nr cytatu";Treść;Tłumaczenie;Autor;"Data dodania";Polubienia;"Kategoria 1";"Kategoria 2";"Kategoria 3"
25;"Być wolnym to móc nie kłamać. ";;"Albert Camus";"2020-08-28 09:21:23";0;PSYCHOLOGIA;;
26;"Najcenniejszych rzeczy w życiu nie nabywa się za pieniądze";;"Albert Einstein";"2020-08-28 09:21:35";2;FILOZOFIA;;
27;"Szaleństwem jest robić wciąż to samo i oczekiwać różnych rezultatów";;"Albert Einstein";"2020-08-28 09:21:51";0;PSYCHOLOGIA;;
28;"Wyobraźnia bez wiedzy może stworzyć rzeczy piękne. Wiedza bez wyobraźni najwyżej doskonałe. ";;"Albert Einstein";"2020-08-28 09:22:14";2;PSYCHOLOGIA;;
29;"Jeśli nie potrafisz wyjaśnić czegoś prosto, nie rozumiesz tego wystarczająco dobrze. ";;"Albert Einstein";"2020-08-28 09:22:31";2;PSYCHOLOGIA;;
30;"Są dwie drogi, aby przeżyć życie. Jedna to żyć tak, jakby nic nie było cudem. Druga to żyć tak, jakby cudem było wszystko. ";;"Albert Einstein";"2020-08-28 09:22:44";1;FILOZOFIA;;
31;"Przyjaźń z całym światem zaczyna się od przyjaźni z najbliższym otoczeniem. ";;"Aldona Różanek";"2020-08-28 09:23:02";1;PSYCHOLOGIA;;
32;"[...] albowiem niepewność jest najstraszliwszą ze wszystkich tortur. ";;"Aleksander Dumas";"2020-08-28 09:23:23";1;MIŁOŚĆ;TĘSKNOTA;CIERPIENIE
32;"[...] albowiem niepewność jest najstraszliwszą ze wszystkich tortur. ";;"Aleksander Dumas";"2020-08-28 09:23:23";1;MIŁOŚĆ;TĘSKNOTA;CIERPIENIE
32;"[...] albowiem niepewność jest najstraszliwszą ze wszystkich tortur. ";;"Aleksander Dumas";"2020-08-28 09:23:23";1;MIŁOŚĆ;TĘSKNOTA;CIERPIENIE
33;"[...] zła najczęściej nie da się naprawić; możemy je tylko pomścić. ";;"Aleksander Dumas";"2020-08-28 09:23:37";1;FILOZOFIA;;
34;"Przyjaciół kochamy dla ich wad, bo lubimy, gdy ktoś też ma wady. ";;"Aleksander Fredro";"2020-08-28 09:23:54";0;PSYCHOLOGIA;;
35;"Czasami uważamy kogoś za przyjaciela i okazuje się, że to jednak prawda";;"Alice Munro";"2020-08-28 09:24:10";0;MIŁOŚĆ;TĘSKNOTA;CIERPIENIE
35;"Czasami uważamy kogoś za przyjaciela i okazuje się, że to jednak prawda";;"Alice Munro";"2020-08-28 09:24:10";0;MIŁOŚĆ;TĘSKNOTA;CIERPIENIE
35;"Czasami uważamy kogoś za przyjaciela i okazuje się, że to jednak prawda";;"Alice Munro";"2020-08-28 09:24:10";0;MIŁOŚĆ;TĘSKNOTA;CIERPIENIE
36;"Wszyscy jesteśmy pomyleni, ale tego, kto umie analizować swoje urojenia, nazywa się filozofem. ";;"Ambrose Bierce";"2020-08-28 09:24:27";0;PSYCHOLOGIA;;
37;"Lepiej zaliczać się do niektórych niż do wszystkich. ";;"Andrzej Sapkowski";"2020-08-28 09:24:46";1;PSYCHOLOGIA;;
38;"To nic złego być tym, kim jesteś i być tego świadomym, ponieważ sama świadomość jest szczęściem. ";;"Anthony de Mello";"2020-08-28 09:25:05";0;FILOZOFIA;;
39;"Sposobem na podejmowanie lepszych decyzji jest podejmowanie ich częściej";;"Anthony Robbins";"2020-08-28 09:25:21";0;FILOZOFIA;;
40;"Prawdziwa miłość nie wyczerpuje się nigdy. Im więcej dajesz, tym więcej ci jej zostaje. ";;"Antoine de Saint-Exupéry";"2020-08-28 09:25:39";0;MIŁOŚĆ;TĘSKNOTA;CIERPIENIE
40;"Prawdziwa miłość nie wyczerpuje się nigdy. Im więcej dajesz, tym więcej ci jej zostaje. ";;"Antoine de Saint-Exupéry";"2020-08-28 09:25:39";0;MIŁOŚĆ;TĘSKNOTA;CIERPIENIE
40;"Prawdziwa miłość nie wyczerpuje się nigdy. Im więcej dajesz, tym więcej ci jej zostaje. ";;"Antoine de Saint-Exupéry";"2020-08-28 09:25:39";0;MIŁOŚĆ;TĘSKNOTA;CIERPIENIE
41;"Mowa jest źródłem nieporozumień. ";;"Antoine de Saint-Exupéry";"2020-08-28 09:25:54";0;FILOZOFIA;;
42;"Dziewięć dziesiątych naszego szczęścia polega na zdrowiu. Zdrowy żebrak jest szczęśliwszy niż chory król. ";;"Arthur Schopenhauer";"2020-08-28 09:26:16";0;FILOZOFIA;;
43;"Najważniejszą rzeczą jest, aby cieszyć się swoim życiem – być szczęśliwym – tylko to się liczy. ";;"Audrey Hepburn";"2020-08-28 09:26:55";0;FILOZOFIA;;
44;"Sztuka życia polega mniej na eliminowaniu naszych problemów, a bardziej na rozwijaniu się dzięki nim. ";;"Bernard Baruch";"2020-08-28 09:27:07";0;PSYCHOLOGIA;;
45;"Kto walczy, może przegrać. Kto nie walczy, już przegrał. ";;"Bertold Brecht";"2020-08-28 09:27:29";0;FILOZOFIA;;
46;"Nigdy nie wiesz jak jesteś silny, dopóki bycie silnym nie jest jedynym wyjściem, jakie Ci zostaje. ";;"Bob Marley";"2020-08-28 09:27:50";0;PSYCHOLOGIA;;
47;"Wyjdź ze swojej strefy komfortu. Możesz wzrastać tylko, jeśli jesteś gotów czuć się dziwnie i niekomfortowo, próbując czegoś zupełnie dla Ciebie nowego. ";;"Brian Tracy";"2020-08-28 09:31:21";0;PSYCHOLOGIA;;
49;"Aby więcej zarabiać, musisz się więcej nauczyć. ";;"Brian Tracy";"2020-08-28 09:31:58";0;FILOZOFIA;;
50;"W konfrontacji strumienia ze skałą, strumień zawsze wygrywa – nie przez swoją siłę, ale przez wytrwałość. ";;Budda;"2020-08-28 09:32:08";0;FILOZOFIA;;
51;"Dorosłość prawdziwa oznacza radość i zrozumienie dla dziecka wewnątrz dorosłości";;"Revolwer AP";"2020-09-06 09:07:17";0;"TE CHOLERNE ŻYCIE";;
52;"Nie zdążysz być w pełni dorosłym, jeśli nie zdążyłeś być w pełni dzieckiem";;"Revolwer AP";"2020-09-06 09:10:53";0;"TE CHOLERNE ŻYCIE";;
53;"Zadaj sobie pytanie... Jaka jest Twoja pierwsza myśl po przebudzeniu? - a być może zrozumiesz sens swych porażek";;"Revolwer AP";"2020-09-06 09:11:54";0;"TE CHOLERNE ŻYCIE";;
54;"Cholerny nowy dzień nastał... Co się gapisz? Mówię, że nastał. Nie powiedziałem jak go przeżyć.";;"Revolwer AP";"2020-09-06 09:12:42";0;"TE CHOLERNE ŻYCIE";;
55;"Sądzisz że z natury jesteś wspaniały, niepowtarzalny, uwielbiany, mądry i wszechstronny... Sądzisz... Ja natomiast jestem pewna, że żyję. Reszta zależy od moich starań.";;"Revolwer AP";"2020-09-06 09:14:18";0;"TE CHOLERNE ŻYCIE";;
56;"Przyjacielu... Po co Ci piękno, miłość, emocje, marzenia, frustracje, sukcesy, tęsknoty, dążenia i pasje... Masz przecież Facebooka.";;"Revolwer AP";"2020-09-06 09:15:11";0;"TE CHOLERNE ŻYCIE";;
57;"Horoskopy są dla głupców - Rzeczywistość tworzą wizjonerzy... A ty  kim jesteś? Lokomotywą, czy wagonem?";;"Revolwer AP";"2020-09-06 09:15:59";0;"TE CHOLERNE ŻYCIE";;
58;"Damulko mierna a strojna w boskości, lśniąca, uwielbiasz siebie samą... Ja natomiast widzę i słyszę, dlaczego stoję w cieniu...";;"Revolwer AP";"2020-09-06 09:17:21";0;"TE CHOLERNE ŻYCIE";;
59;"Lubię ludzi, akceptuję ich, ale... Nie toleruję ich zachowań.";;GG;"2020-09-06 09:18:02";0;FILOZOFIA;;
60;"Jeśli nie ustalasz celów dla siebie, jesteś skazany na pracowanie przy osiąganiu celów kogoś innego. ";;"Brian Tracy";"2020-09-06 09:23:38";0;FILOZOFIA;;
61;"Hej! Lalka! Jesteś tak doskonale perfekcyjna, we własnym sosie zadufana, iż nie potrzebujesz tlenu... Ja natomiast mam okno, by przewietrzyć mózg";;"Revolwer AP";"2020-09-06 09:26:28";0;"TE CHOLERNE ŻYCIE";;
62;"Zdolność słuchania jest połową sukcesu.";;"Calvin Coolidge";"2020-09-07 10:27:04";0;FILOZOFIA;;
64;"Wszystko, co irytuje nas w innych może nas zaprowadzić do zrozumienia samego siebie. ";;"Carl Gustav Jung";"2020-09-07 10:27:30";0;PSYCHOLOGIA;;
66;"W fabryce produkujemy kosmetyki, w sklepie sprzedajemy nadzieję.";;"Charles Revson";"2020-09-07 10:27:56";0;FILOZOFIA;;
68;"Nie trzeba żadnych świątyń, nie trzeba skomplikowanej filozofii. Nasz mózg i nasze serce są naszą świątynią; moją filozofią jest dobroć. ";;Dalajlama;"2020-09-07 10:28:25";0;FILOZOFIA;;
69;"Jedyny sposób, aby zwyciężyć w kłótni, to unikać jej.";;"Dale Carnegie";"2020-09-07 10:28:40";0;FILOZOFIA;;
70;"Jedynym sposobem wywarcia wpływu na drugiego człowieka jest rozmowa o jego pragnieniach i pokazanie mu, jak je może spełnić.";;"Dale Carnegie";"2020-09-07 10:28:59";0;PSYCHOLOGIA;;
71;"W dwa miesiące możesz zdobyć więcej przyjaciół, interesując się innymi ludźmi, niż w ciągu dwóch lat, usiłując zainteresować sobą innych.";;"Dale Carnegie";"2020-09-07 10:29:18";0;PSYCHOLOGIA;;
73;"Słyszeć nie znaczy słuchać, bo słuch jest zmysłem, a słuchanie sztuką.";;"Denis Saint-Pierre";"2020-09-07 10:29:47";0;FILOZOFIA;;
74;"Przyjaźń jednego roztropnego człowieka jest bardziej wartościowa niż przyjaźń wszystkich głupców.";;Demokryt;"2020-09-07 10:30:00";0;FILOZOFIA;;
75;"Ludzie mówią, że bez miłości nie da się żyć. Osobiście uważam, że tlen jest ważniejszy.";;"Dr House";"2020-09-07 10:30:16";0;FILOZOFIA;;
76;"Jeśli doprowadzisz do porządku własne wnętrze, to, co na zewnątrz, samo ułoży się we właściwy sposób.";;"Eckhart Tolle";"2020-09-07 10:30:52";0;FILOZOFIA;;
77;"Ilekroć sprostasz trudnej sytuacji, takiej, która, jak sądziłeś, po prostu nie może się zdarzyć, to nawet jeśli cierpiałeś męki potępieńca, poczujesz się bardziej wolny, niż byłeś.";;"Eleonor Roosevelt";"2020-09-07 10:31:02";0;FILOZOFIA;;
78;"Przyjaźń jest największym darem, jaki mądrość może ofiarować, aby uczynić całe życie szczęśliwym.";;Epikur;"2020-09-07 10:31:25";0;FILOZOFIA;;
79;"Nie jest bogatym ten, kto duża ma, lecz ten, kto dużo daje.
";;"Erich Fromm";"2020-09-07 10:31:41";0;FILOZOFIA;;
80;"Pamiętaj, że każdy napotkany człowiek czegoś się boi, coś kocha i coś stracił.";;"Ernest Hemingway";"2020-09-07 10:31:55";0;PSYCHOLOGIA;;
81;"Sukces jest wynikiem właściwej decyzji. ";;Eurypides;"2020-09-07 10:32:08";0;FILOZOFIA;;
83;"Wesołość jest buntem przeciwko tragedii życia. Jedynym buntem o pozorach zwycięstwa.";;"Feliks Chwalibóg";"2020-09-08 05:46:54";0;PSYCHOLOGIA;;
84;"Najlepszą zemstą jest ogromny sukces.";;"Frank Sinatra";"2020-09-08 05:47:07";0;FILOZOFIA;;
85;"Logiczne myślenie to próbka fikcji absolutnej.";;"Friedrich Wilhelm Nietzsche";"2020-09-08 05:47:22";0;FILOZOFIA;;
86;"A ci, którzy tańczyli, zostali uznani za szalonych przez tych, którzy nie słyszeli.";;"Friedrich Wilhelm Nietzsche";"2020-09-08 05:47:35";0;FILOZOFIA;;
87;"Wiele tracimy wskutek tego, że przedwcześnie uznajemy coś za stracone.";;Goethe;"2020-09-08 05:47:49";0;PSYCHOLOGIA;;
88;"Niebawem zrozumiesz, że to, co dziś wygląda jak poświęcenie, okaże się, że zamiast tego, najwspanialszą inwestycją, jaką kiedykolwiek zrobisz.";;"Gordon Hinckley";"2020-09-08 05:48:03";0;FILOZOFIA;;
89;"Kto mówi językiem niezrozumiałym dla nikogo poza nim, nie mówi w ogóle. Mówić, to mówić do kogoś.";;"Hans-Georg Gadamer";"2020-09-08 05:48:23";0;PSYCHOLOGIA;FILOZOFIA;
89;"Kto mówi językiem niezrozumiałym dla nikogo poza nim, nie mówi w ogóle. Mówić, to mówić do kogoś.";;"Hans-Georg Gadamer";"2020-09-08 05:48:23";0;PSYCHOLOGIA;FILOZOFIA;
90;"Najlepszy sposób na osiągnięcie sukcesu, to postępować według rad, które dajemy innym. ";;"Harold Taylor";"2020-09-08 05:48:37";0;"FILOZOFIA ŻYCIA";;
91;"Słowa są skrzydłami umysłu.";;"Helen Keller";"2020-09-08 07:12:38";0;FILOZOFIA;;
92;"Jednym z największych odkryć, jakie uczynił człowiek i jedną z największych dla niego niespodzianek jest odkrycie, że może on uczynić to, o czym ze strachem sądził, że nie potrafi uczynić";;"Henry Ford";"2020-09-08 07:12:53";0;"FILOZOFIA ŻYCIA";;
93;"Jeżeli istnieje jakiś jeden sekret sukcesu, to jest to umiejętność przyjmowania cudzego punktu widzenia i patrzenia z tej perspektywy z równą łatwością jak z własnej.";;"Henry Ford";"2020-09-08 07:13:09";0;"FILOZOFIA ŻYCIA";;
94;"Każdy, kto przestaje się uczyć jest stary, bez względu na to, czy ma 20 czy 80 lat. Kto kontynuuje naukę pozostaje młody. Najwspanialszą rzeczą w życiu jest utrzymywanie swojego umysłu młodym.";;"Henry Ford";"2020-09-08 07:13:22";0;"FILOZOFIA ŻYCIA";;
95;"Patrząc zawsze przed siebie, myśląc o tym, jak zrobić jeszcze więcej, osiągniesz stan umysłu, w którym nie ma rzeczy niemożliwych.";;"Henry Ford";"2020-09-08 07:13:33";0;"FILOZOFIA ŻYCIA";;
96;"Żadne zadanie nie jest szczególnie trudne, jeśli podzielisz je na mniejsze podzadania.";;"Henry Ford";"2020-09-08 07:13:55";0;"FILOZOFIA ŻYCIA";;
97;"Myślenie to najcięższa praca z możliwych i pewnie dlatego tak niewielu ją podejmuje.";;"Henry Ford";"2020-09-08 07:14:08";0;"FILOZOFIA ŻYCIA";;
98;"Uśmiech to bodaj najkrótsza droga do drugiego człowieka.";;"Henry Saka";"2020-09-08 07:14:23";0;"FILOZOFIA ŻYCIA";;
100;"Szlachetne zdrowie, Nikt się nie dowie, Jako smakujesz, Aż się zepsujesz…";;"Jan Kochanowski";"2020-09-08 09:08:30";0;FILOZOFIA;;
102;"Myśl o przeszłości tylko wtedy, kiedy może ci ona sprawić przyjemność.";;"Jane Austen";"2020-09-08 09:08:51";0;FILOZOFIA;;
103;"Nie czyń siebie samego przedmiotem kompromisu, bo jesteś wszystkim, co masz.";;"Janis Joplin";"2020-09-08 09:09:05";0;"FILOZOFIA ŻYCIA";;
104;"Standardowa edukacja zapewni Ci przeżycie. Samokształcenie – fortunę.";;"Jim Rohn";"2020-09-08 09:09:21";0;"FILOZOFIA ŻYCIA";;
105;"Motywacja jest tym, co pozwala Ci zacząć. Nawyk jest tym, co pozwala Ci wytrwać.";;"Jim Rohn";"2020-09-08 09:10:10";0;"FILOZOFIA ŻYCIA";;
106;"Talent rośnie w samotności, charakter wśród ludzi.";;"Johann Wolfgang von Goethe";"2020-09-08 09:10:25";0;PSYCHOLOGIA;;
107;"Umiejętność komunikowania się, stała się w dzisiejszym świecie towarem, za który gotów jestem płacić więcej niż za jakikolwiek inny.";;"John D. Rockefeller";"2020-09-08 09:10:38";0;"FILOZOFIA ŻYCIA";;
108;"Ktokolwiek wierzy w sprawiedliwość na świecie, ten jest fałszywie poinformowany.";;"John F. Kennedy";"2020-09-08 09:10:50";0;FILOZOFIA;;
109;"Tam gdzie jest wolność pojawia się uśmiech. Nie istnieje on tylko w totalitarnym świecie.";;"John Fowles";"2020-09-08 09:11:05";0;"FILOZOFIA ŻYCIA";;
110;"Trochę miłości to jak trochę dobrego wina. Nadmiar jednego lub drugiego szkodzi zdrowiu.";;"John Steinbeck";"2020-09-08 09:11:18";0;"FILOZOFIA ŻYCIA";;
111;"Cierpliwość i wytrwałość mają magiczne działanie – dzięki nim trudności znikają, a przeszkody ulatniają się.";;"John Quincy Adams";"2020-09-08 09:11:32";0;"FILOZOFIA ŻYCIA";;
112;"Przestaliśmy szukać potworów pod naszymi łóżkami, gdy zrozumieliśmy, że one są w nas.
";;Joker;"2020-09-08 09:11:53";0;PSYCHOLOGIA;;
113;"Zawsze bądź pierwszorzędną wersją siebie, zamiast być kiepską kopią kogoś innego.";;"Judy Garland";"2020-09-08 09:12:06";0;PSYCHOLOGIA;;
114;"Milczenie to tekst, który niezwykle łatwo jest błędnie zinterpretować.";;"Julian Tuwim";"2020-09-08 09:12:25";0;PSYCHOLOGIA;;
116;"Wybierz pracę, którą kochasz, a nie będziesz musiał pracować nawet przez jeden dzień w swoim życiu.";;Konfucjusz;"2020-09-08 09:13:08";0;"FILOZOFIA ŻYCIA";;
117;"Drzewo, którego nie możesz objąć ramionami, było kiedyś małym nasionkiem. Stumilowa podróż zaczyna się od jednego małego kroku.";;Lao-Tse;"2020-09-08 09:13:27";0;"FILOZOFIA ŻYCIA";;
118;"W centrum twojej istoty masz odpowiedź. Ty wiesz, kim jesteś i wiesz, co chcesz.";;Laozi;"2020-09-08 09:13:57";0;PSYCHOLOGIA;;
119;"Podejmując nowe wyzwania odkrywamy w sobie umiejętności, których istnienia nigdy nie podejrzewaliśmy.";;"Les Brown";"2020-09-08 09:14:10";0;PSYCHOLOGIA;;
120;"Wieczna omyłka, jakiej ulegają ludzie, to utożsamienie szczęścia ze spełnieniem marzeń.";;"Lew Tołstoj";"2020-09-08 09:14:29";0;"FILOZOFIA ŻYCIA";;
121;"Wszyscy myślą o tym aby zmienić świat ale nikt nie pomyśli o tym aby zmienić siebie.";;"Lew Tołstoj";"2020-09-08 09:14:46";0;"FILOZOFIA ŻYCIA";;
122;"Nikt nie zna granic swoich możliwości, dopóki ich nie przekroczy.";;"Lois McMaster Bujold";"2020-09-08 09:15:00";0;PSYCHOLOGIA;;
123;"Świat jest dość zasobny, aby zaspokoić potrzeby wszystkich, lecz nie dość zasobny, by zaspokoić chciwość każdego.";;"Mahatma Gandhi";"2020-09-08 09:15:21";0;"FILOZOFIA ŻYCIA";;
124;"Miłość jest czymś najmocniejszym na świecie, a jednak nie można wyobrazić sobie nic bardziej skromnego.";;"Mahatma Gandhi";"2020-09-08 09:15:38";0;"FILOZOFIA ŻYCIA";;
125;"Zbyt wielu ludzi przecenia to, kim nie jest i nie docenia tego, kim jest.";;"Malcolm S. Forbes";"2020-09-08 09:15:54";0;"FILOZOFIA ŻYCIA";;
126;"Niczego w życiu nie należy się bać, należy to tylko rozumieć.";;"Maria Skłodowska-Curie";"2020-09-08 09:16:04";0;PSYCHOLOGIA;;
127;"Spędziłem większość życia, martwiąc się o rzeczy, które nigdy się nie wydarzył.";;"Mark Twain";"2020-09-08 09:16:20";0;"FILOZOFIA ŻYCIA";;
128;"Nie narzekaj, że masz pod górę, gdy zmierzasz na szczyt.";;"Mark Twain";"2020-09-08 09:16:47";0;FILOZOFIA;;
129;"Bądźmy wdzięczni idiotom. Gdyby nie oni, reszta nigdy nie osiągnęłaby sukcesu.";;"Mark Twain";"2020-09-08 09:18:56";0;"FILOZOFIA ŻYCIA";;
130;"Kreatywność to wymyślanie, eksperymentowanie, wzrastanie, ryzykowanie, łamanie zasad, popełnianie błędów i dobra zabawa.";;"Mary Lou Cook";"2020-09-08 09:19:38";0;PSYCHOLOGIA;;
131;"Nie czekaj, aż pojawi się coś dużego. Zacznij w tym miejscu, w którym się znajdujesz, z tym, co masz, a zawsze dojdziesz do czegoś wspaniałego.";;"Mary Monin Morrissey";"2020-09-08 09:19:55";0;PSYCHOLOGIA;;
132;"Chęć stania się kimś innym jest marnotrawstwem osoby, którą jesteś.";;"Marylin Monroe";"2020-09-08 09:20:15";0;PSYCHOLOGIA;;
133;"Coś co czyni Cię inną albo wręcz dziwną - to właśnie jest Twoją siłą.";;"Meryl Streep";"2020-09-08 09:20:32";0;PSYCHOLOGIA;;
134;"Wszyscy są tacy sami w swoich obietnicach. Różnią się tylko w swoich uczynkach.";;Molier;"2020-09-08 09:20:52";0;PSYCHOLOGIA;;
135;"Jeśli potrafisz śmiać się z siebie: to najlepszy dowód, że masz poczucie humoru.";;Molier;"2020-09-08 09:21:10";0;"FILOZOFIA ŻYCIA";;
136;"Sukces jest najgłośniejszym mówcą świata.";;"Napoleon Bonaparte";"2020-09-08 09:21:22";0;FILOZOFIA;;
137;"Ludzie odnoszący sukcesy, mają odnoszące sukces nawyki.";;"Nikodem Marszałek";"2020-09-08 09:21:36";0;"PSYCHOLOGIA ŻYCIA";;
138;"Bądź sobą; wszyscy inni są już zajęci.";;"Oscar Wilde";"2020-09-08 09:22:05";0;"FILOZOFIA ŻYCIA";;
139;"Gdy popełnia się błędy, mówi się chętnie, że zbiera się doświadczenie.";;"Oscar Wilde";"2020-09-08 09:22:20";0;"FILOZOFIA ŻYCIA";;
140;"Wśród ludzi jest więcej kopii niż oryginałów.";;"Pablo Picasso";"2020-09-08 09:22:32";0;"FILOZOFIA ŻYCIA";;
141;"Tajemnica szczęścia ukryta jest w tym, by widzieć wszystkie cuda świata i nigdy nie zapomnieć o dwóch kroplach oliwy na łyżce.";;"Paulo Coelho";"2020-09-08 09:22:52";0;"FILOZOFIA ŻYCIA";;
142;"To możliwość spełnienia marzeń sprawia, że życie jest tak fascynujące.";;"Paulo Coelho";"2020-09-08 09:23:07";0;FILOZOFIA;;
143;"Za każdym razem, kiedy widzisz biznes, który odnosi sukces, oznacza to, że ktoś kiedyś podjął odważną decyzję.";;"Peter Drucker";"2020-09-08 09:23:23";0;FILOZOFIA;;
144;"Tak postępuj z przyjaciółmi, aby nie stali się nieprzyjaciółmi, a z nieprzyjaciółmi tak, żeby jak najprędzej stali się tobie przyjaciółmi. ";;Pitagoras;"2020-09-08 09:23:40";0;FILOZOFIA;;
145;"U przyjaciół wszystko jest wspólne.";;Pitagoras;"2020-09-08 09:23:50";0;FILOZOFIA;;
146;"Musisz sam sobie zaufać, aby zaufali ci inni.";;Pitagoras;"2020-09-08 09:24:01";0;FILOZOFIA;;
147;"Wielką jest mądrością umieć znosić głupotę innych.";;Pitagoras;"2020-09-08 09:24:14";0;FILOZOFIA;;
148;"Zdobywać majątek za cenę zdrowia znaczy to samo, co odciąć sobie nogi, by kupić za nie parę butów.";;"Prentice Mulford";"2020-09-08 09:24:34";0;"FILOZOFIA ŻYCIA";;
149;"Przyjaciel – ktoś, przed kim można głośno myśleć.";;"Ralph Waldo Emerson";"2020-09-08 09:24:56";0;"FILOZOFIA ŻYCIA";;
150;"Nie podążaj tam gdzie wiedzie ścieżka. Zamiast tego pójdź tam gdzie jej nie ma i wytycz szlak.";;"Ralph Waldo Emerson";"2020-09-08 09:25:11";0;"FILOZOFIA ŻYCIA";;
151;"Wystarczy tylko się uśmiechać, by ukryć zranioną duszę i nikt nawet nie zauważy, jak bardzo cierpisz.";;"Robin Williams";"2020-09-08 09:25:28";0;"PSYCHOLOGIA ŻYCIA";;
152;"Przyjaźń należy do natury ducha, a nie posiadania.";;"Roman Mleczko";"2020-09-08 09:25:41";0;FILOZOFIA;;
153;"Przyjaźń jest subtelną rozkoszą szlachetnych dusz.";;Safona;"2020-09-08 09:25:57";0;FILOZOFIA;;
154;"Najważniejsze jest najbliższe pięć minut. Reszta to wyobraźnia.";;"Sławomir Mrożek";"2020-09-08 09:26:12";0;FILOZOFIA;;
155;"Błąd jest przywilejem filozofów, tylko głupcy nie mylą się nigdy.";;Sokrates;"2020-09-08 09:26:21";0;FILOZOFIA;;
156;"Szczęście to przyjemność, której się nie żałuje.";;Sokrates;"2020-09-08 09:26:32";0;FILOZOFIA;;
157;"Jakie jest przeznaczenie człowieka? Być nim.";;"Stanisław Jerzy Lec";"2020-09-08 09:26:43";0;FILOZOFIA;;
158;"Wszyscy chcą Twojego dobra. Nie pozwól go sobie odebrać.";;"Stanisław Jerzy Lec";"2020-09-08 09:27:02";0;"FILOZOFIA ŻYCIA";;
159;"Do najprzyjemniejszych momentów w życiu nalezą te, kiedy nie możesz przestać uśmiechać się po spotkaniu lub rozmowie.";;"Stephen King";"2020-09-08 09:27:17";0;"FILOZOFIA ŻYCIA";;
160;"Gniew rodzi się tylko z niespełnionych pragnień. Nie oczekuję niczego od innych ludzi, toteż ich postępowanie nie może być sprzeczne z moimi życzeniami.";;"Śri Jukteśwar";"2020-09-08 09:28:29";0;FILOZOFIA;;
161;"Doświadczenie uczy nas, że dzięki długiemu błądzeniu odkrywamy krótszą drogę.";;"Thomas Hardy";"2020-09-08 09:28:43";0;"FILOZOFIA ŻYCIA";;
162;"Jakość podróży mierzy się w liczbie poznanych przyjaciół, a nie przejechanych kilometrach.";;"Tim Cahill";"2020-09-08 09:28:54";0;"FILOZOFIA ŻYCIA";;
163;"Ci, co wygrywają – nigdy nie odpuszczają. Ci, co odpuszczają – nigdy nie wygrywają…";;"Vince Lombardi";"2020-09-08 09:29:09";0;"PSYCHOLOGIA ŻYCIA";;
164;"Tylko ludzie o wielkich zaletach serca mają przyjaciół.";;Voltaire;"2020-09-08 09:29:23";0;FILOZOFIA;;
165;"Nie ma ważniejszego zadania, jak być miłym i pełnym uroku. Krzewić radość, promieniować szczęściem, rozlewać jasność na ciemnych drogach życia… Czyż nie jest to największa przysługa dla innych?";;"Wiktor Hugo";"2020-09-08 09:29:43";0;FILOZOFIA;;
166;"Ważniejsze jest bycie ludzkim, a nie ważnym.";;"Will Rogers";"2020-09-08 09:29:55";0;FILOZOFIA;;
167;"Sukces wydaje się być w dużej mierze kwestią wytrwania, gdy inni rezygnują.";;"William Feather";"2020-09-08 09:30:05";0;FILOZOFIA;;
168;"Doniosłe wynalazki powstają w laboratorium, wspaniały produkt natomiast – w dziale marketingu.";;"William H. Davidow";"2020-09-08 09:30:18";0;"FILOZOFIA ŻYCIA";;
169;"Nie śmiejemy się dlatego, że jesteśmy szczęśliwi. Jesteśmy szczęśliwi, dlatego, że się śmiejemy.";;"William Jones";"2020-09-08 09:30:32";0;"FILOZOFIA ŻYCIA";;
170;"Życie nie jest ani lepsze ani gorsze od naszych marzeń – jest tylko zupełnie inne.";;"William Shakespeare";"2020-09-08 09:30:51";0;"PSYCHOLOGIA ŻYCIA";;
171;"Idź mądrze i powoli. Ci, którzy pędzą, potykają się i upadają.";;"William Shakespeare";"2020-09-08 09:31:06";0;"PSYCHOLOGIA ŻYCIA";;
172;"Krytykować może każdy głupiec. I wielu to robi";;"Winston Churchill";"2020-09-08 09:31:25";0;"FILOZOFIA ŻYCIA";;
173;"Nigdy, nigdy, nigdy, nigdy się nie poddawaj.";;"Winston Churchill";"2020-09-08 09:31:35";0;"FILOZOFIA ŻYCIA";;
174;"Żyjemy dłużej, ale mniej dokładnie i krótszymi zdaniami.";;"Wisława Szymborska";"2020-09-08 09:31:48";0;"FILOZOFIA ŻYCIA";;
175;"Ktoś tutaj był i był, a potem nagle zniknął i uporczywie go nie ma.";;"Wisława Szymborska";"2020-09-08 09:32:00";0;"FILOZOFIA ŻYCIA";;
176;"Czasami ludzie wznoszą mury, nie po to, aby powstrzymać innych, ale po to, żeby zobaczyć, kto chce je rozbić.";;Yoshimoto;"2020-09-08 09:32:12";0;"FILOZOFIA ŻYCIA";;
177;"Jeśli masz świadomość, czego jeszcze nie wiesz, to zyskujesz bardzo dużo pokory.";;"Zbigniew Wodecki";"2020-09-08 09:32:29";0;"FILOZOFIA ŻYCIA";;
178;"Niewyrażone emocje nigdy nie umierają. Zostają zakopane żywcem, aby powrócić później w znacznie gorszej postaci.";;"Zygmunt Freud";"2020-09-08 09:32:47";0;PSYCHOLOGIA;;
179;"Czasami cygaro jest tylko cygarem i niczym więcej.";;"Zygmunt Freud";"2020-09-08 09:33:02";0;PSYCHOLOGIA;;
180;"Boimy się zmian dlatego, że ciężko nam rozstać się z tym, z czym umiemy już sobie radzić.";;;"2020-09-08 09:33:18";0;"PSYCHOLOGIA ŻYCIA";;
181;"Boję się ludzi bez poczucia humoru, bo jeszcze żywi a już sztywni.";;;"2020-09-08 09:33:31";0;"PSYCHOLOGIA ŻYCIA";;
182;"Największą sztuką jest przejść przez piekło i nie stać się diabłem.";;;"2020-09-08 09:33:41";0;"FILOZOFIA ŻYCIA";;
183;"Prawdziwy związek jest wtedy, gdy dwoje normalnych i spokojnych ludzi tworzy wspólnie swój zwariowany świat.";;;"2020-09-08 09:33:50";0;"FILOZOFIA ŻYCIA";;
184;"Nie żałuj tego co sprawiło, że byłeś szczęśliwy.";;;"2020-09-08 09:33:58";0;FILOZOFIA;;
185;"Czasem dobrze jest potrząsnąć drzewem przyjaźni, by zrzucić zgniłe owoce.";;"Przysłowie afrykańskie";"2020-09-08 09:34:21";0;"FILOZOFIA ŻYCIA";;
186;"Samotność - nikogo o nią nie wiń. Ona przyszła od środka.";;"Andrzej Piasecki";"2020-09-08 09:51:14";0;FILOZOFIA;;
187;"W chwili, kiedy zastanawiasz się czy kogoś kochasz, przestałeś go już kochać na zawsze.";;"Carlos Ruiz Zafón";"2020-09-08 10:06:22";0;MIŁOŚĆ;;
188;"Miłość jest taka krótka, zapominanie jest tak długie.";;"Pablo Neruda";"2020-09-08 10:06:35";0;MIŁOŚĆ;;
189;"Kochać kogoś, to przede wszystkim pozwalać mu na to, żeby był, jaki jest.";;"William Wharton";"2020-09-08 10:06:45";0;MIŁOŚĆ;;
190;"To smutne, że głupcy są tacy pewni siebie, a ludzie rozsądni tacy pełni wątpliwości.";;"Bertrand Russel";"2020-09-08 10:07:05";0;FILOZOFIA;;
191;"Żaden wiatr nie jest pomyślny temu, kto nie wie, do którego portu płynie.";;Machiavelli;"2020-09-08 10:07:21";0;FILOZOFIA;;
192;"Jesteśmy tym, co w swoim życiu powtarzamy. Doskonałość nie jest jednorazowym aktem, lecz nawykiem.";;arystoteles;"2020-09-08 10:07:33";0;FILOZOFIA;;
193;"Mogę być bardzo wściekły na to, czego nie mam, albo bardzo wdzięczny za to, co mam.";;"nick vujicic";"2020-09-08 10:07:50";0;PSYCHOLOGIA;;
194;"Poznaj samego siebie.";;Sokrates;"2020-09-08 10:08:01";0;PSYCHOLOGIA;;
195;"Jedyną rzeczą bardziej przygnębiającą od niemożności odnalezienia kogoś, jest bycie nieodnalezionym.";;"Cecylia Ahern";"2020-09-08 10:08:25";0;PSYCHOLOGIA;;
196;"Większość mężczyzn zabrałaby na bezludną wyspę kobietę i na wszelki wypadek siekierę.";;"Andrzej Majewski";"2020-09-08 10:08:40";0;PSYCHOLOGIA;;
197;"Najlepiej rozmawia się samemu ze sobą. Przynajmniej nie dochodzi do nieporozumień.";;"Olga Tokarczuk";"2020-09-08 10:08:53";0;PSYCHOLOGIA;;
198;"Dopóki nie uczynisz nieświadomego świadomym, dopóty będzie ono kierowało Twoim życiem i będziesz je nazywał losem.";;"Carl Gustav Jung";"2020-09-08 11:55:30";0;FILOZOFIA;;
199;"Rozumienie jest trudne, dlatego większość ludzi ocenia.";;"Carl Gustav Jung";"2020-09-08 11:56:18";0;PSYCHOLOGIA;;
200;"Dzień bez uśmiechu jest dniem straconym.";;"Charlie Chaplin";"2020-09-08 11:56:50";0;FILOZOFIA;;
203;"Nie bój się wielkiego kroku. Nie pokonasz przepaści dwoma małymi.";;"David Lloyd George";"2020-09-08 12:05:08";0;PSYCHOLOGIA;;
204;"Nawet, jeśli szczęście zapomni o tobie na chwilę, ty nigdy o nim nie zapominaj.";;"Jacques Prévert";"2020-09-08 12:05:57";0;FILOZOFIA;;
205;"Jakże często bywa zaprzepaszczone przez zbyt długie przygotowania – głupie przygotowania!";;"Jane Austen";"2020-09-08 12:08:40";0;FILOZOFIA;;
206;"Czyż można słusznej nie wysłuchać rady? Ważniejsze jest jednak to, by jej wysłuchawszy, zmienić, co złe.";;Konfucjusz;"2020-09-08 12:14:14";0;"FILOZOFIA ŻYCIA";;
207;"Jeśli jakaś dłoń ma swoje miejsce w drugiej dłoni, to właśnie jest przyjaźń. ";;"Adam Asnyk";"2020-09-08 12:19:00";0;FILOZOFIA;;
208;"Ab alio expectes, alteri quod feceris";"Co zrobisz drugiemu, oczekuj od niego";"Seneka Młodszy";"2020-09-10 08:48:00";0;"FILOZOFIA ŻYCIA";;
209;"Ab equis ad asinos";"Z deszczu pod rynnę (dosłownie “z koni na osły”)";;"2020-09-10 09:03:01";0;"FILOZOFIA ŻYCIA";;
210;"- Na pustyni jest się trochę samotnym.
- Równie samotnym jest się wśród ludzi.";;"Antoine de Saint-Exupéry";"2020-09-11 10:23:27";0;SAMOTNOŚĆ;;
211;"Zwykli ludzie nie wiedzą ile dla kogoś zamkniętego znaczą książki.";;"Anne Frank";"2020-09-11 10:23:38";0;SAMOTNOŚĆ;;
212;"Każdy samotnik, choćby się zaklinał, że tak nie jest, pozostanie samotny nie dlatego, że lubi,ale dlatego, że próbował stać się częścią świata, ale nie mógł, bo doznawał ciągłych rozczarowań ze strony ludzi.";;"Jodi Picoult";"2020-09-11 10:23:50";0;SAMOTNOŚĆ;;
213;"...bo człowiek może wytrzymać tydzień bez picia, dwa tygodnie bez jedzenia, całe lata bez dachu nad głową, ale nie może znieść samotności.";;"Paulo Coelho";"2020-09-11 10:24:03";0;SAMOTNOŚĆ;;
214;"Nikt nie lubi samotności. Ja tylko nie próbuję się z nikim na siłę zaprzyjaźniać. To prowadzi do rozczarowań.";;"Haruki Murakami";"2020-09-11 10:24:15";0;SAMOTNOŚĆ;;
215;"Uważam, że zdrowo jest być samemu przez większość czasu. Przebywanie w towarzystwie, nawet najlepszym, szybko staje się nużące i wyczerpujące. Uwielbiam być sam. Nigdy nie spotkałem przyjaciela, który byłby równie przyjazny jak samotność. Jesteśmy zwykle bardziej samotni, kiedy wychodzimy między ludzi, niż kiedy zostajemy w domu.";;"Henry David Thoreau";"2020-09-11 10:24:37";0;SAMOTNOŚĆ;;
216;"Samotnym jest się tylko wtedy, gdy ma się na to czas.";;"Janusz Leon Wiśniewski";"2020-09-11 10:24:52";0;SAMOTNOŚĆ;;
217;"Samotność to obejmowanie kogoś, kogo kochasz. Gdy wiesz, że nigdy więcej nie obejmiesz go znowu";;"Kamil Garcia";"2020-09-11 10:25:03";0;SAMOTNOŚĆ;;
218;"Wszystko trzeba odkryć samemu. I również przejść przez to zupełnie samemu.";;"Tove Jansson";"2020-09-11 10:25:14";0;SAMOTNOŚĆ;;
219;"Żyjemy tak jak śnimy – samotnie.";;"Joseph Conrad";"2020-09-11 10:25:25";0;SAMOTNOŚĆ;;
220;"Najgorsze, co może spotkać człowieka, to żyć i umrzeć w samotności, nie kochając i nie będąc kochanym.";;"Paulo Coelho";"2020-09-11 10:25:36";0;SAMOTNOŚĆ;;
221;"Jest taka chwila, w której, zdani sami na siebie, ludzie przestają żyć, a starają się zaledwie przeżyć.";;"Stephen King";"2020-09-11 10:25:52";0;SAMOTNOŚĆ;;
222;"Poza tym jest na świecie taki rodzaj smutku, którego nie można wyrazić łzami. Nie można go nikomu wytłumaczyć. Nie mogąc przybrać żadnego kształtu, osiada cicho na dnie serca jak śnieg podczas bezwietrznej nocy.";;"Haruki Murakami";"2020-09-11 10:26:02";0;SAMOTNOŚĆ;;
223;"Samotność to dziwna rzecz.
Zakrada się cicho i niepostrzeżenie. ";;"Taheref Mafi";"2020-09-11 10:26:15";0;SAMOTNOŚĆ;;
224;"Każdy powinien mieć kogoś, z kim mógłby szczerze pomówić, bo choćby człowiek był nie wiadomo jak dzielny, czasami czuje się bardzo samotny.";;"Ernest Hemingway";"2020-09-11 10:26:30";0;SAMOTNOŚĆ;;
225;"Mam niewielu przyjaciół. Myślę, że jestem typem samotnika. Tyle tylko, że to była nudna samotność. Można też na to spojrzeć z innej strony, nie wiążąc się z nikim, oszczędzasz sobie w życiu cierpienia.";;"Trudi Canavan";"2020-09-11 10:26:40";0;SAMOTNOŚĆ;;
226;"Nie zna smaku prawdziwego życia, kto przez tunel samotności się nie przeczołgał.";;"Edward Stachura";"2020-09-11 10:26:49";0;SAMOTNOŚĆ;;
227;"Miłość jest pierwszą wśród nieśmiertelnych rzeczy.";;"Dante Alighieri";"2020-09-11 10:27:27";0;MIŁOŚĆ;;
228;"Aby miłość trwała przez całe życie, trzeba ją pielęgnować starannie jak ogród.";;"Henry Bordeaux";"2020-09-11 10:27:35";0;MIŁOŚĆ;;
229;"Któż to ci powiedział, że nie ma już na świecie prawdziwej, wiernej, wiecznej miłości? A niechże wyrwą temu kłamcy jego plugawy język!
Ten, który kocha, powinien dzielić los tego, kogo kocha. ";;"Michaił Bułhakow";"2020-09-11 10:27:52";0;MIŁOŚĆ;;
230;"Miłość jest jak kot. Chodzi własnymi drogami.";;"Joanna Chmielewska";"2020-09-11 10:28:30";0;MIŁOŚĆ;;
231;"Równie wspaniale jest kochać, jak być kochanym. Miłości nie da się zmarnować.
To znaczy, że miłość jest najpotężniejszą siłą na świecie. Miłość potrafi wszystko.
";;"Cassandra Clare";"2020-09-11 10:28:42";0;MIŁOŚĆ;;
232;"Kocha się za nic. Nie istnieje żaden powód do miłości.";;"Paulo Coelho";"2020-09-11 10:28:51";0;MIŁOŚĆ;;
233;"Dla całego świata możesz być nikim, dla kogoś możesz być całym światem.
Miłość nie polega na tym, aby wzajemnie sobie się przyglądać, lecz aby patrzeć razem w tym samym kierunku.
Prawdziwa miłość zaczyna się tam, gdzie niczego już w zamian nie oczekuje.
";;"Antoine de Saint-Exupéry";"2020-09-11 10:29:08";0;MIŁOŚĆ;;
234;"Ci, których kochamy nie umierają, bo miłość jest nieśmiertelna.";;"Emily Dickinson";"2020-09-11 10:29:29";0;MIŁOŚĆ;;
235;"Bo w życiu to wszystko lepiej smakuje, jak jest przyprawione miłością. Trzeba jej dodawać wszędzie. Gdzie się tylko da.";;"Anna Ficner-Ogonowska";"2020-09-11 10:29:44";0;MIŁOŚĆ;;
236;"Niedojrzała miłość mówi: kocham cię, ponieważ cię potrzebuję. Dojrzała mówi: potrzebuję cię, ponieważ cię kocham.";;"Erich Fromm";"2020-09-11 10:29:53";0;MIŁOŚĆ;;
237;"Nie wystarczy pokochać, trzeba jeszcze umieć wziąć tę miłość w ręce i przenieść ją przez całe życie.";;"Konstanty Ildefons Gałczyński";"2020-09-11 10:30:08";0;MIŁOŚĆ;;
238;"Miłość jest czekaniem na szelesty, listy, na pukanie do drzwi.";;"Małgorzata Hillar";"2020-09-11 10:30:25";0;MIŁOŚĆ;;
239;"Miłość to uczucie, którego żądać nie można; jest darem, nie osiągnięciem.";;"Irena Jurgielewiczowa";"2020-09-11 10:30:40";0;MIŁOŚĆ;;
240;"Miłość zmienia oblicze świata, a świat zorganizowany przez miłość zmienia nas samych.";;"Anna Kamieńska";"2020-09-11 10:30:49";0;MIŁOŚĆ;;
241;"Mówią, że miłość jest ślepa, ale to powiedzenie głupców. Czasami widzi zbyt dużo.";;"Stephen King";"2020-09-11 10:30:59";0;MIŁOŚĆ;;
242;"Miłość jest tęsknotą po utraconej połowie nas samych.";;"Milan Kundera";"2020-09-11 10:31:11";0;MIŁOŚĆ;;
243;"– A jeśli pewnego dnia będę musiał odejść? – spytał Krzyś, ściskając Misiową łapkę. – Co wtedy?- Nic wielkiego. – zapewnił go Puchatek. – Posiedzę tu sobie i na Ciebie poczekam. Kiedy się kogoś kocha, to ten drugi ktoś nigdy nie znika.";;"Alan Alexander Milne";"2020-09-11 10:32:32";0;MIŁOŚĆ;;
244;"-Znam tylko jedną rzecz, która może być jednocześnie bardzo prosta i bardzo skomplikowana.
-A co to takiego?
-Miłość.
";;"Guillaume Musso";"2020-09-11 10:32:51";0;MIŁOŚĆ;;
245;"Dzisiaj kocham Cię jeszcze bardziej niż wczoraj, a nie możesz sobie nawet wyobrazić, jak bardzo kochałem Cię wczoraj.";;"James Patterson ";"2020-09-11 10:33:02";0;MIŁOŚĆ;;
246;"I choć nikt mnie tego nie uczył, wiem, że na tym polega miłość. Jeśli jest prawdziwa, sprawia, że człowiek staje się kimś więcej, niż był, kimś więcej, niż wierzył, że może być.";;"Veronica Roth";"2020-09-11 10:33:11";0;MIŁOŚĆ;;
247;"O miłości wiemy niewiele. Z miłością jest jak z gruszką. Gruszka jest słodka i ma kształt. Spróbujcie zdefiniować kształt gruszki.";;"Andrzej Sapkowski";"2020-09-11 10:33:45";1;MIŁOŚĆ;;
248;"Człowiek wie, że to miłość, kiedy chce przebywać z druga osobą i czuje, że ta druga osoba chce tego samego.
Prawdziwa miłość oznacza,że zależy ci na szczęściu drugiego człowieka bardziej niż na własnym, bez względu na to, przed jak bolesnymi wyborami stajesz.
Kochać kogoś i być kochanym to najcenniejsza rzecz na świecie
";;"Nicholas Sparks";"2020-09-11 10:33:57";0;MIŁOŚĆ;;
249;"Mam Ciebie, byś troszczył się o mnie, a Ty masz mnie, bym troszczył się o Ciebie.";;"John Steinbeck";"2020-09-11 10:34:07";0;MIŁOŚĆ;;
250;"Moja miłość równie jest głęboka jak morze, równie jak ono bez końca.Im więcej Ci jej udzielam, tym więcej czuję jej w sercu.";;"William Szekspir";"2020-09-11 10:35:18";0;MIŁOŚĆ;;
251;"Miłość to pomieszanie podziwu, szacunku i namiętności. Jeśli żywe jest choć jedno z tych uczuć, to nie ma o co robić szumu. Jeśli dwa, to nie jest to mistrzostwo świata, ale blisko. Jeśli wszystkie trzy, to śmierć jest już niepotrzebna – trafiłaś do nieba za życia.
Kochać kogoś, to przede wszystkim pozwalać mu na to, żeby był, jaki jest.
";;"William Wharton";"2020-09-11 10:35:34";0;MIŁOŚĆ;;
252;"Może nie najważniejsze jest chcieć iść z kimś do łóżka, ale chcieć wstać następnego dnia rano i zrobić sobie nawzajem herbatę.";;"Janusz Leon Wiśniewski";"2020-09-11 10:36:02";0;MIŁOŚĆ;;
253;"Miłość musi być próbowana jak złoto w ogniu prób; tylko mała miłość w ogniu prób kruszeje. Wielka oczyszcza się i rozpala.";;"Stefan Wyszyński";"2020-09-11 10:36:13";0;MIŁOŚĆ;;
254;"…ten, kto kocha naprawdę, kocha w milczeniu, uczynkiem, a nie słowami.";;"Carlos Ruiz Zafón";"2020-09-11 10:36:37";0;MIŁOŚĆ;;
255;"– A jeśli pewnego dnia będę musiał odejść? – spytał Krzyś, ściskając Misiową łapkę. – Co wtedy?
– Nic wielkiego – zapewnił go Puchatek. – Posiedzę tu sobie i na ciebie poczekam. Kiedy się kogoś kocha, to ten drugi ktoś nigdy nie znika.
– Puchatku?
– Tak Prosiaczku?
– Nic, tylko chciałem się upewnić, że jesteś.
Przyjacielu, jeśli będzie ci dane żyć sto lat, to ja chciałby żyć sto lat minus jeden dzień, abym nie musiał żyć ani jednego dnia bez ciebie.
";;"Alan Alexander Milne";"2020-09-11 10:38:03";0;PRZYJAŹŃ;;
256;"Każdy z nas potrzebuje czasami ręki, która wyciągnęłaby go z kłopotów.";;"Alba de Céspedes";"2020-09-11 10:38:15";0;PRZYJAŹŃ;;
257;"Nie idź za mną, bo nie umiem prowadzić. Nie idź przede mną, bo mogę za Tobą nie nadążyć. Idź po prostu obok mnie i bądź moim przyjacielem. ";;"Albert Camus";"2020-09-11 10:38:28";0;PRZYJAŹŃ;;
258;"Jeśli ma się przyjaciół, a mimo to wszystko się traci, jest oczywiste, że przyjaciele ponoszą winę. Za to, co uczynili, względnie za to, czego nie uczynili. Za to, że nie wiedzieli, co należy uczynić.";;"Andrzej Sapkowski";"2020-09-11 10:38:42";1;PRZYJAŹŃ;;
259;"A ponieważ nie ma magazynów z przyjaciółmi, więc ludzie nie posiadają przyjaciół.
Nawet w obliczu śmierci przyjemna jest świadomość posiadania przyjaciela.
Prawdziwym przyjacielem jest ten, z którym człowiek zwiąże się liną.
";;"Antoine de Saint-Exupéry";"2020-09-11 10:38:54";0;PRZYJAŹŃ;;
260;"Jedyny szacunek, który jest coś wart, to szacunek ze strony nieprzyjaciela. Szacunek przyjaciół wart jest tylko wtedy, gdy wznosi się ponad ich wdzięczność, podziękowania i wszystkie bardziej prymitywne odruchy…";;"Antoine de Saint-Exupéry";"2020-09-11 10:39:05";0;PRZYJAŹŃ;;
261;"Problem w tym, że jeśli ze strachu przed wrogiem otoczysz się murem obronnym, ten mur nie przepuści również przyjaciół.";;"Camilla Läckberg";"2020-09-11 10:39:14";0;PRZYJAŹŃ;;
262;"Nie ufam tym, którzy są przekonani, że mają wielu przyjaciół. To znak, iż ni znają ludzi.";;"Carlos Ruiz Zafón";"2020-09-11 10:39:28";0;PRZYJAŹŃ;;
263;"Zawsze wierzyłem w głupców. Moi przyjaciele nazywają to wiarą w samego siebie.";;"Edgar Allan Poe";"2020-09-11 10:39:50";0;PRZYJAŹŃ;;
264;"Prawdziwy przyjaciel to nie ten, który odwala za ciebie całą robotę, lecz ten który uświadomi ci, że wszystko masz zrobić sam.";;"Edward Stachura";"2020-09-11 10:40:03";0;PRZYJAŹŃ;;
265;"Przyjaciel to człowiek, który wie wszystko o tobie i wciąż cię lubi.";;"Elbert Hubbard";"2020-09-11 10:40:51";0;PRZYJAŹŃ;;
266;"Powiedz mi, kim są twoi przyjaciele, a powiem ci, kim jesteś.";;"Ernest Hemingway";"2020-09-11 10:41:01";0;PRZYJAŹŃ;;
267;"Przyjaźń to nie tylko wspaniały prezent, lecz także ustawiczna praca.";;"Ernst Zacharias";"2020-09-11 10:41:12";0;PRZYJAŹŃ;;
268;"Dopiero wtedy zrozumiałem, że umrzeć to znaczy już nigdy więcej nie spotkać przyjaciół.";;"Gabriel García Márquez";"2020-09-11 10:44:24";0;PRZYJAŹŃ;;
269;"Przyjaciele, z którymi zabijamy czas, to właśnie prawdziwi przyjaciele.";;"Haruki Murakami";"2020-09-11 10:44:33";0;PRZYJAŹŃ;;
270;"To zależy, czego od przyjaciół oczekujesz. Możesz nam zaufać, że cię nie opuścimy w dobrej czy złej doli, choćby do najgorszego końca. Możesz też nam ufać, że strzec będziemy twojej tajemnicy lepiej niż ty sam jej strzegłeś. Ale nie licz na nas, byśmy ci pozwolili samotnie stawić czoło niebezpieczeństwu i odejść od nas bez słowa. Jesteśmy twoimi przyjaciółmi. Boimy się okropnie, ale pójdziemy z tobą albo za tobą, jak psy za tropem.";;"J.R.R. Tolkien";"2020-09-11 10:44:43";0;PRZYJAŹŃ;;
271;"Przyjaciel staje się fragmentem naszej biografii, jak data urodzenia, pierwsza szkoła czy imiona rodziców.";;"Janusz Leon Wiśniewski";"2020-09-11 10:45:02";0;PRZYJAŹŃ;;
272;"Przyjaźń polega na tym, także na tym, że nie dostarcza się przyjaciołom zbytecznych zgryzot.";;"Jerzy Pilch";"2020-09-11 10:45:11";0;PRZYJAŹŃ;;
273;"Dobrych przyjaciół trudno znaleźć, a jeszcze trudniej zapomnieć.";;"John Green";"2020-09-11 10:45:20";0;PRZYJAŹŃ;;
274;"Nikt chyba nie miałby przyjaciół, gdyby słyszał, co mówią oni za jego plecami.";;"Małgorzata Musierowicz";"2020-09-11 10:45:34";0;PRZYJAŹŃ;;
275;"Jeśli przyjaciele są wysoko na twojej liście priorytetów, to nawet gdy stracisz zdrowie, i tak zachowasz to, co liczy się najbardziej.";;"Regina Brett";"2020-09-11 10:45:44";0;PRZYJAŹŃ;;
276;"Nie interesują mnie pozorne relacje, pozór kontaktów i samozachwyt, że jesteśmy en vogue, trendy, w głównym nurcie. Nie jesteśmy. Jesteśmy w dupie. Jeśli pani nie usiądzie i nie będzie mogła porozmawiać ze swoimi bliskimi normalnie, to jest pani w dupie, za przeproszeniem. I siedem tysięcy znajomych na Facebooku nic tu nie pomoże.";;"Robert Więckiewicz";"2020-09-11 10:45:55";0;PRZYJAŹŃ;;
277;"Przyjaciel to człowiek, do którego dzwonię po wielu miesiącach milczenia, a nie pyta: dlaczego się nie odzywałaś, tylko mówi: cieszę się, że właśnie dziś słyszę Twój głos.";;"Roma Ligocka";"2020-09-11 10:46:03";0;PRZYJAŹŃ;;
278;"Tylko przyjaciel nie jest egoistą; w przeciwnym razie żaden z niego przyjaciel. Jedynie przyjaciel nie jest samolubny, bowiem nie dla siebie, ale dla przyjaciela pragnie wszystkiego, co dobre i piękne.";;"Sándor Márai";"2020-09-11 10:46:13";0;PRZYJAŹŃ;;
279;"Tylko wrogowie mówią sobie prawdę. Przyjaciele i kochankowie bez przerwy kłamią, złapani w sieć zobowiązań.";;"Stephen King";"2020-09-11 10:46:23";0;PRZYJAŹŃ;;
280;"Gdyby wszyscy moi przyjaciele skoczyli z mostu, ja bym z nimi nie skoczył. Stałbym na dole i czekał, żeby ich złapać.";;"Steve Berry";"2020-09-11 10:47:01";0;PRZYJAŹŃ;;
281;"Przyjaźń to strach przed samotnością, a miłość to jeszcze większy strach przed osamotnieniem.";;"Tadeusz Konwicki";"2020-09-11 10:47:11";0;PRZYJAŹŃ;;
282;"Nie ten przyjaciel, kto współczuje, a ten kto pomaga.";;"Thomas Fuller";"2020-09-11 10:47:57";0;PRZYJAŹŃ;;
283;"Jedyne, co miało jakieś znaczenie, to to, że znalazłem mojego pierwszego przyjaciela, a tym samym zacząłem naprawdę żyć.";;"Tove Jansson";"2020-09-11 10:48:06";0;PRZYJAŹŃ;;
284;"Najczęściej nasi najlepsi przyjaciele są sprawcami naszego upadku.";;"Victor Hugo";"2020-09-11 10:48:18";0;PRZYJAŹŃ;;
285;"Tylko istota absolutnie silna nie potrzebuje przyjaźni; z pewnością kimś takim może być tylko Bóg.";;"Wasilij Grossman";"2020-09-11 10:48:27";0;PRZYJAŹŃ;;
286;"Roztropnie jest posiadać przyjaciół gdzie tylko się da, czy to na tym, czy na drugim świecie.";;"Wilbur Smith";"2020-09-11 10:48:39";0;PRZYJAŹŃ;;
287;"Bardziej niebezpieczni są przyjaciele w swej zdradzie, niż wrogowie w swej konsekwencji.";;"Władysław Grzeszczyk";"2020-09-11 10:49:00";0;PRZYJAŹŃ;;
288;"Prawdziwych przyjaciół poznaje się w biedzie. ";;"Adam Mickiewicz";"2020-09-23 10:05:09";0;FILOZOFIA;;
289;"Ktoś wygasił mi oczy, jak reflektory w teatrze. Usta się śmieją, a oczy cierpią. ";;"Agnieszka Osiecka";"2020-09-23 10:05:56";0;MIŁOŚĆ;TĘSKNOTA;CIERPIENIE
289;"Ktoś wygasił mi oczy, jak reflektory w teatrze. Usta się śmieją, a oczy cierpią. ";;"Agnieszka Osiecka";"2020-09-23 10:05:56";0;MIŁOŚĆ;TĘSKNOTA;CIERPIENIE
289;"Ktoś wygasił mi oczy, jak reflektory w teatrze. Usta się śmieją, a oczy cierpią. ";;"Agnieszka Osiecka";"2020-09-23 10:05:56";0;MIŁOŚĆ;TĘSKNOTA;CIERPIENIE
290;"Przyszłość będzie szczodra jedynie wtedy, gdy wszystko ofiarujesz teraźniejszości. ";;"Albert Camus";"2020-09-23 10:06:36";0;FILOZOFIA;;
291;"Masz Facebooka, Snapchata, WhatsAppa, Youtuba, TikToka... Zatem dlaczego czujesz, że coś tu nie gra?";;"Revolwer AP";"2020-09-24 08:10:19";0;"TE CHOLERNE ŻYCIE";;
292;"Masz Facebooka, Snapchata, WhatsAppa, Youtuba, TikToka... Zatem dlaczego wieczory spędzasz patrząc w nicość? Czyżby fasada?";;"Revolwer AP";"2020-09-24 08:11:29";0;"TE CHOLERNE ŻYCIE";;
293;"Masz dom, brykę wypasioną, lalkę odmalowaną, ziomali bez liku i hajsu na bzdury... Masz wszystko co do szczęścia potrzebne. Ja mam marzenia i jestem szczęśliwa.";;"Revolwer AP";"2020-09-24 08:12:34";0;"TE CHOLERNE ŻYCIE";;
294;"W tym siedlisku cierpienia mieszka nadzieja... A na imie ma Viktoria.";;"Revolwer AP";"2020-09-24 08:13:07";0;"TE CHOLERNE ŻYCIE";;
295;"Tutaj żyję by pracować... Tam pracuję by żyć... Czy ktoś mi może powiedzieć, gdzie jest to tam?";;"Revolwer AP";"2020-09-24 08:13:46";0;"TE CHOLERNE ŻYCIE";;
296;"Bóg nie cierpi tchórzy... Kiedy wstajesz rano i patrzysz w lustro, jak myślisz? Co sądzi tobie Bóg?";;"Revolwer AP";"2020-09-24 08:14:31";0;"TE CHOLERNE ŻYCIE";;
297;"Nie odkładaj siebie na później.";;GG;"2020-09-24 08:14:57";0;"FILOZOFIA ŻYCIA";;
298;"Marzenia są tam gdzie horyzont... Czy jesteś tak wytrwały by był w zasięgu ręki? Czy tylko wzroku tęsknego?";;"Revolwer AP";"2020-09-24 08:15:56";0;"TE CHOLERNE ŻYCIE";;
299;"Absens carens";"Nieobecny traci";;"2020-09-24 08:22:43";0;"PSYCHOLOGIA ŻYCIA";;
300;"Absentem laedit, qui cum ebrio litigat";"Jakby z nieobecnym się spierał, kto z pijanym się kłóci.";"Publiusz Syrus";"2020-09-24 08:23:11";0;"FILOZOFIA ŻYCIA";;
301;"Abusus non tollit usum";"Nadużycie nie znosi prawa do właściwego użycia";;"2020-09-24 08:23:26";0;"FILOZOFIA ŻYCIA";;
302;"Accipis, ut taceas";"Płacą ci za to, abyś milczał";Marcjalis;"2020-09-24 08:23:49";0;"FILOZOFIA ŻYCIA";;
303;"Accusare nemo se debet";"Nikt nie musi oskarżać siebie samego";;"2020-09-24 08:24:25";0;"FILOZOFIA ŻYCIA";;
304;"Ad augusta per angusta";"Do wielkich osiągnięć przez trudności";;"2020-09-24 08:24:45";0;"FILOZOFIA ŻYCIA";;
305;"Ad quas res aptissimi erimus, in iis potissimum elaborabimus";"Najwięcej dokonamy w tym, do czego będziemy najbardziej uzdolnieni";Cyceron;"2020-09-24 08:25:00";0;"FILOZOFIA ŻYCIA";;
306;"Adulescentia est tempus discendi, sed nulla aetas sera est ad discendum";"Młodość jest czasem uczenia się, lecz żaden wiek nie jest na to za późny";"sentencja łacińska";"2020-09-24 08:25:24";0;"FILOZOFIA ŻYCIA";;
307;"Adversus stímulum calcitrare";"Głową muru nie przebijesz.";"sentencja łacińska";"2020-09-24 08:25:56";0;"FILOZOFIA ŻYCIA";;
308;"Ad rem";"Do rzeczy";;"2020-09-24 08:26:08";0;"FILOZOFIA ŻYCIA";;
309;"Aegroto dum anima est, spes esse dicitur";"Dopóki chory oddycha, jest nadzieja";Cyceron;"2020-09-24 08:26:22";0;"FILOZOFIA ŻYCIA";;
310;"Aequitas sequitur legem";"Sprawiedliwość idzie za prawem";;"2020-09-24 08:26:47";0;"FILOZOFIA ŻYCIA";;
311;"Aliena vitia in oculis habemus, a tergo nostra";"Cudze winy mamy na oku, własne za plecami";"Seneka Młodszy";"2020-09-24 08:27:02";0;"FILOZOFIA ŻYCIA";;
312;"Alea iacta est";"Kości zostały rzucone";"Gajusz Juliusz Cezar";"2020-09-24 08:27:29";0;"FILOZOFIA ŻYCIA";;
313;"Alitur vitium vivitque tegendo";"Wada żywi się i wzrasta w ukryciu";Wergiliusz;"2020-09-24 08:27:49";0;"FILOZOFIA ŻYCIA";;
314;"Aliena nobis, nostra plus aliis placent";"Cudze bardziej podoba się nam, nasze innym";"sentencja łacińska";"2020-09-24 08:31:19";0;"FILOZOFIA ŻYCIA";;
315;"Alii sementem faciunt, alii metunt";"Kto inny sieje, kto inny zbiera";"sentencja łacińska";"2020-09-24 08:31:40";0;"FILOZOFIA ŻYCIA";;
316;"Amantium irae amoris integratio";"Gniewy kochanków są spoiwem miłości, kłótnie kochanków umacniają ich miłość";"Publiusz Terencjusz Afer";"2020-09-24 08:31:57";0;"FILOZOFIA ŻYCIA";;
317;"Amare humanum est, humanum ignoscere est";"Rzeczą ludzką jest kochać, rzeczą ludzką jest przebaczać";"sentencja łacińska";"2020-09-24 08:32:15";0;"FILOZOFIA ŻYCIA";;
318;"Amicos res secundae parant, res adversae prabant";"Rzeczy pomyślne przyciągają przyjaciół, niepomyślne sprawdzają";"sentencja łacińska";"2020-09-24 08:32:34";0;"FILOZOFIA ŻYCIA";;
319;"Amicus certus in re incerta cernitur";"Przyjaciel pewny w rzeczy niepewnej jest dostrzegany";Ezop;"2020-09-24 08:32:54";0;"FILOZOFIA UCZUĆ WYŻSZYCH";;
320;"Amicus optima vitae possessio";"Przyjaciel to największy skarb w życiu";;"2020-09-24 08:33:16";0;"FILOZOFIA UCZUĆ WYŻSZYCH";;
321;"Amicum proba, probatum ama";"Przyjaciela próbuj, wypróbowanego kochaj";Platon;"2020-09-24 08:33:38";0;"FILOZOFIA UCZUĆ WYŻSZYCH";;
322;"Amicus verus rara avis est";"Prawdziwy przyjaciel jest rzadkim ptakiem";;"2020-09-24 08:33:56";0;"FILOZOFIA UCZUĆ WYŻSZYCH";;
323;"Amor caecus est";"Miłość jest ślepa";Teokryt;"2020-09-24 08:34:12";0;"FILOZOFIA UCZUĆ WYŻSZYCH";;
324;"Amor vincit omnia";"Miłość zwycięża wszystko";"sentencja łacińska";"2020-09-24 08:34:34";0;"FILOZOFIA UCZUĆ WYŻSZYCH";;
325;"Amore, more, ore, re iunguntur amicitiae";"Przyjaźń zawiązuje się z miłości, zwyczaju, wyglądu, czynu";"sentencja łacińska";"2020-09-24 08:34:51";0;"FILOZOFIA UCZUĆ WYŻSZYCH";;
326;"Aanima vilis";"Nędzna dusza; podła istota";"sentencja łacińska";"2020-09-24 08:35:08";0;"FILOZOFIA ŻYCIA";;
327;"Animus aeger semper errat";"Chory umysł zawsze błądzi";"sentencja łacińska";"2020-09-24 08:35:23";0;"FILOZOFIA ŻYCIA";;
328;"Ante pilos sapis";"Jajko chce być mądrzejsze od kury";"sentencja łacińska";"2020-09-24 08:35:56";0;"FILOZOFIA ŻYCIA";;
329;"Apage, Satanas";"Odejdź, Szatanie";;"2020-09-24 08:36:08";0;"FILOZOFIA ŻYCIA";;
330;"Arcus nimium tensus rumpitur";"Łuk zbytnio naciągnięty pęka";;"2020-09-24 08:36:24";0;"PSYCHOLOGIA ŻYCIA";;
331;"Ardua prima via est";"Pierwsza droga jest stroma";;"2020-09-24 08:36:36";0;"FILOZOFIA ŻYCIA";;
332;"Argumenta non numeranda, sed ponderanda sunt";"Dowody należy nie liczyć, a ważyć";Cyceron;"2020-09-24 08:36:56";0;"FILOZOFIA ŻYCIA";;
333;"Ars auro gemmisque prior";"Sztuka cenniejsza od złota i drogich kamieni";"sentencja łacińska";"2020-09-24 08:37:14";0;"FILOZOFIA KULTURY WYŻSZEJ";;
334;"Ars non habet osorem nisi ignorantem";"Sztuka nie ma wrogów oprócz ignorantów";"sentencja łacińska";"2020-09-24 08:37:33";0;"FILOZOFIA KULTURY WYŻSZEJ";;
335;"Artificem commendat opus";"Dzieło zachwala mistrza";"sentencja łacińska";"2020-09-24 08:37:50";0;"FILOZOFIA ŻYCIA";;
336;"Asinus asino pulcherrimus";"Osioł osłu najpiękniejszy";"sentencja łacińska";"2020-09-24 08:38:10";0;"FILOZOFIA ŻYCIA";;
337;"Asinus asinorum in saecula saeculorum";"Osioł nad osłami na wieki wieków";;"2020-09-24 08:38:32";0;"FILOZOFIA ŻYCIA";;
338;"Audaces fortuna iuvat";"Odważnych szczęście wspiera";Wergiliusz;"2020-09-24 08:38:49";0;"FILOZOFIA ŻYCIA";;
339;"Audi multa, dic pauca!";"Słuchaj dużo, mów mało!";"sentencja łacińska";"2020-09-24 08:39:05";0;"FILOZOFIA ŻYCIA";;
340;"Audi, vide, sile!";"Słuchaj, patrz, milcz!";;"2020-09-24 08:39:17";0;"FILOZOFIA ŻYCIA";;
341;"Audi, vide, tace, si vis vivere in pace";"Słuchaj, patrz, milcz, jeśli chcesz żyć w spokoju";"sentencja łacińska";"2020-09-24 08:41:47";0;"FILOZOFIA ŻYCIA";;
342;"Balnea, vina, venus corrumpunt corpora nostra, sed vitam feciunt balnea, vina, venus";"Kąpiele, wino i miłość niszczą nasze ciała, lecz to one sprawiają, że żyjemy!";Merope;"2020-09-25 07:40:48";0;"FILOZOFIA ŻYCIA";;
343;"Barba crescit, caput nescit";"Broda rośnie, rozumu nie przybywa";"sentencja łacińska";"2020-09-25 07:41:05";0;"FILOZOFIA ŻYCIA";;
344;"Beate vivere est honeste vivere";"Żyć szczęśliwie jest żyć uczciwie";Cyceron;"2020-09-25 07:41:22";0;"FILOZOFIA ŻYCIA";;
345;"Beatius est magis dare quam accipere";"Przyjemniej jest dawać niż przyjmować";;"2020-09-25 07:41:40";0;"FILOZOFIA ŻYCIA";;
346;"Bella res est morte sua mori";"Piękną rzeczą jest umrzeć swoją własną śmiercią";"Seneka Młodszy";"2020-09-25 07:42:44";0;"FILOZOFIA ŻYCIA";;
347;"Bellum nec timendum, nec provocandum";"Nie trzeba ani bać się wojny, ani jej prowokować";"Pliniusz Młodszy";"2020-09-25 07:44:58";0;"FILOZOFIA ŻYCIA";;
348;"Bene facit, qui ex aliorum erroribus sibi exemplum sumit";"Dobrze czyni ten, kto uczy się na cudzych błędach";"sentencja łacińska";"2020-09-25 07:45:44";0;"FILOZOFIA ŻYCIA";;
349;"Bene olet, qui nihil olet";"Dobrze pachnie, kto niczym nie pachnie";Cyceron;"2020-09-25 07:51:04";0;"FILOZOFIA ŻYCIA";;
350;"Bis dat, qui cito dat";"Dwa razy daje, kto szybko daje";"Publiusz Syrus";"2020-09-25 07:51:22";0;"FILOZOFIA ŻYCIA";;
351;"Bona mors est homini, vitae quae exstinguit mala";"Dobra dla człowieka jest śmierć, która gasi nieszczęścia życia";"Publiusz Syrus";"2020-09-25 07:51:41";0;"FILOZOFIA ŻYCIA";;
352;"Bona valetudo melior est quam maximae divitiae";"Dobry stan zdrowia jest lepszy niż największe bogactwo";"sentencja łacińska";"2020-09-25 07:51:58";0;"FILOZOFIA ŻYCIA";;
353;"Bonum est, quod omnes appetunt";"Dobro jest tym, czego wszyscy pragną";"sentencja łacińska";"2020-09-25 07:52:24";0;"FILOZOFIA ŻYCIA";;
354;"Calvitum non est vitium, sed prudentiae indicium";"Łysina to nie ułomność, lecz oznaka mądrości";"sentencja łacińska";"2020-09-25 07:52:49";0;"FILOZOFIA ŻYCIA";;
355;"Canis timidus vehementius latrat quam mordet";"Pies,  który się boi,  gwałtowniej ujada niż gryzie";"Kurcjusz Rufus";"2020-09-25 07:53:24";0;"FILOZOFIA ŻYCIA";;
356;"Carpe diem quam minimum credula postero";"Chwytaj dzień,  jak najmniej ufając przyszłości";Horacy;"2020-09-25 07:53:49";0;"FILOZOFIA ŻYCIA";;
357;"Cave me domine ab amico, ab inimico vero me ipse cavebo";"Strzeż mnie panie przed przyjaciółmi, z nieprzyjaciółmi sam dam sobie radę";;"2020-09-25 07:54:07";0;"FILOZOFIA ŻYCIA";;
358;"Cibi condimentum est fames";"Głód jest przyprawą dla każdego posiłku";Cyceron;"2020-09-25 07:54:20";0;"FILOZOFIA ŻYCIA";;
359;"Cinis et manes et fabula fies";"Popiołem i cieniem,  i wspomnieniem się staniesz";Persjusz;"2020-09-25 07:54:36";0;"FILOZOFIA ŻYCIA";;
360;"Clara pacta claros faciunt amicos";"Jasne układy tworzą wiernych przyjaciół";"sentencja łacińska";"2020-09-25 07:54:53";0;"FILOZOFIA ŻYCIA";;
361;"Cogitationum poenam nemo luit";"Nikt nie cierpiał za karę myślenia";"sentencja łacińska";"2020-09-25 07:55:10";0;"FILOZOFIA ŻYCIA";;
362;"Cognosce te ipsum";"Poznaj samego siebie";Sokrates;"2020-09-25 07:55:43";0;"FILOZOFIA ŻYCIA";;
363;"Comedamus et bibamus cras enim moriemur";"Jedzmy i pijmy,  wszak jutro pomrzemy";"sentencja łacińska";"2020-09-25 07:56:02";0;"FILOZOFIA ŻYCIA";;
364;"Concordia parvae res crescunt, dicordia maximae dilabuntur";"W zgodzie małe rzeczy wyrastają, w niezgodzie największe rzeczy rozpadają się";Salustiusz;"2020-09-25 07:56:25";0;"FILOZOFIA ŻYCIA";;
365;"Coniugium sine prole est quasi dies sine sole";"Małżeństwo bez dzieci jest jak dzień bez Słońca";"sentencja łacińska";"2020-09-25 07:56:47";0;"FILOZOFIA UCZUĆ WYŻSZYCH";;
366;"Conveniens homini est hominem servare voluptas";"Godną człowieka rozkoszą jest baczyć na drugiego człowieka";"sentencja łacińska";"2020-09-25 07:57:27";0;"FILOZOFIA ŻYCIA";;
367;"Cornix cornici numquam confodit ocellum";"Kruk krukowi oka nie wykole";"sentencja łacińska";"2020-09-25 07:57:43";0;"FILOZOFIA ŻYCIA";;
368;"Cuiusvis hominis est errare: nullius nisi insipientis, in errore perseverare";"Każdy człowiek może zbłądzić, uparcie trwać przy błędzie tylko głupi";"Seneka Młodszy";"2020-09-25 07:58:18";0;"FILOZOFIA ŻYCIA";;
369;"Cultus addit hominibus auctoritatem";"Kultura dodaje ludziom powagi";Kwintylian;"2020-09-25 07:58:38";0;"FILOZOFIA ŻYCIA";;
370;"Cum recte vivis, ne cures verba malorum";"Skoro uczciwie żyjesz,  nie dbaj o słowa złych ludzi";"Katon Młodszy";"2020-09-25 07:58:59";0;"FILOZOFIA ŻYCIA";;
371;"Cum tacent, clamant.";"Milcząc, krzyczą";Cyceron;"2020-09-25 07:59:14";0;"FILOZOFIA ŻYCIA";;
372;"Milcząc, krzyczą";"Prawem ludzi jest głupota";"sentencja łacińska";"2020-09-25 07:59:33";0;"FILOZOFIA ŻYCIA";;
373;"Dicere non est facere";"Mówić nie znaczy działać";"paremia prawnicza";"2020-09-25 08:00:01";0;"FILOZOFIA ŻYCIA";;
374;"Dictum sapienti sat (est)";"Mądrej głowie dość dwie słowie";"sentencja łacińska";"2020-09-25 08:00:21";0;"FILOZOFIA ŻYCIA";;
375;"Dimidium facti, qui bene coepit, habet, sapere aude, incipe";"Połowę pracy ma za sobą, kto dobrze zaczął, miej odwagę być mądrym, zacznij";Horacy;"2020-09-25 08:00:39";0;"FILOZOFIA ŻYCIA";;
376;"Disce, sed a doctis, indoctos ipse doceto";"Ucz się, lecz u uczonych, nieuczonych sam nauczaj";;"2020-09-25 08:01:02";0;"FILOZOFIA ŻYCIA";;
377;"Dixisse me aliquando placuit, tacuisse numquam";"Bywało niekiedy, że żałowałem tego, co powiedziałem, nigdy jednak tego, że milczałem";"sentencja łacińska";"2020-09-25 08:01:21";0;"FILOZOFIA ŻYCIA";;
378;"Docendo discimus";"Nauczając,  uczymy się";"sentencja łacińska";"2020-09-25 08:01:41";0;"FILOZOFIA ŻYCIA";;
379;"Dominus vitae necisque";"Pan życia i śmierci";;"2020-09-25 08:02:04";0;"FILOZOFIA ŻYCIA";;
380;"Donec eris sospes, multos numerabis amicos, tempora si fuernit nubila solus eris";"Dopóki będziesz szczęśliwy wielu przyjaciół wokół siebie zliczysz, Jeśli czasy będą chmurne, zostaniesz sam";Owidiusz;"2020-09-25 08:02:26";0;"FILOZOFIA UCZUĆ WYŻSZYCH";;
381;"Duae res homines ad maleficium impellunt: luxuria et avaritia";"Dwie rzeczy ludzi ku złu wiodą: zbytek i chciwość";"sentencja łacińska";"2020-09-25 08:02:47";0;"FILOZOFIA ŻYCIA";;
382;"Duas aures habemus et os unum, ut plura audiamus quam loquamur";"Mamy dwoje uszu i jedne usta,  abyśmy więcej słuchali niż mówili";"sentencja łacińska";"2020-09-25 08:03:05";0;"FILOZOFIA ŻYCIA";;
383;"Dulce et decorum est pro patria mori";"Słodko i zaszczytnie jest umrzeć za ojczyznę";;"2020-09-25 08:03:26";0;"FILOZOFIA UCZUĆ WYŻSZYCH";;
384;"Dum inter homines sumus, colamus humanitatem";"Póki jesteśmy wśród ludzi, bądźmy ludzcy";"Seneka Młodszy";"2020-09-25 08:03:42";0;"FILOZOFIA UCZUĆ WYŻSZYCH";;
385;"Dum spiro, spero";"Dopóki oddycham mam nadzieję";;"2020-09-25 08:03:59";0;"FILOZOFIA ŻYCIA";;
386;"Dum trahimus, dum inter homines sumus, colamus humanitatem";"Dopóki oddychamy,  dopóki jesteśmy wśród ludzi,  postępujmy po ludzku";"Seneka Młodszy";"2020-09-25 08:04:19";0;"FILOZOFIA ŻYCIA";;
387;"Dum vivimus, vivamus";"Dopóki żyjemy,  używajmy życia";;"2020-09-25 08:04:39";0;"FILOZOFIA UCZUĆ WYŻSZYCH";;
388;"Duo cum faciunt idem, non est idem";"Gdy dwóch robi to samo,  to nie jest to samo";"sentencja łacińska";"2020-09-25 08:04:55";0;"FILOZOFIA ŻYCIA";;
389;"Duobus litigantibus tertius gaudet";"Gdzie dwóch się kłóci, trzeci się cieszy";;"2020-09-25 08:05:13";0;"FILOZOFIA ŻYCIA";;
